<?xml version="1.0" encoding="utf-8" ?>
<access component="com_testimonials">
	<section name="component">
		<action name="core.manage" title="JACTION_MANAGE" description="JACTION_MANAGE_COMPONENT_DESC" />
		<action name="core.create" title="JACTION_CREATE" description="JACTION_CREATE_COMPONENT_DESC" />
		<action name="core.delete" title="JACTION_DELETE" description="JACTION_DELETE_COMPONENT_DESC" />
		<action name="core.edit" title="JACTION_EDIT" description="JACTION_EDIT_COMPONENT_DESC" />
		<action name="core.comment" title="JACTION_COMMENT" description="JACTION_COMMENT_COMPONENT_DESC" />
		<action name="core.publish" title="COM_TESTIMONIALS_PUBLISH" description="COM_TESTIMONIALS_PUBLISH_DESC" />
		<action name="core.notify" title="COM_TESTIMONIALS_NOTIFICATIONS" description="COM_TESTIMONIALS_NOTIFICATIONS_DESC" />
	</section>
</access>