<?xml version="1.0" encoding="UTF-8" ?>
 <extension type="package" version="3.x" method="upgrade">
	<name>COM_TESTIMONIALS</name>
	<author>Joomplace Team</author>
	<creationDate>December 2012</creationDate>
	<packagename>testimonials_175</packagename>
    <authorEmail>support@joomplace.com</authorEmail>
    <authorUrl>www.joomplace.com</authorUrl>
    <copyright>(C) JoomPlace, www.joomplace.com</copyright>
    <license>GNU/GPL http://www.gnu.org/copyleft/gpl.html</license>
    <version>1.7.5.002</version>
    <description>COM_TESTIMONIALS_DESC</description>
	<files folder="packages">
		<file type="component" id="com_testimonials" >com_testimonials.zip</file>
		<file type="module" id="testimonials" client="site">mod_testimonials.zip</file>
		<file type="plugin" id="testimonials" group="content">plg_content_testimonials.zip</file>
		<file type="plugin" id="testimonial" group="editors-xtd">plg_editors_xsd_testimonials.zip</file>
	</files>
 </extension>